5, Emergency Disco Ball, Food, 85, 29.99
5, Emergency Disco Ball, Food, 85, 29.99
5, Emergency Disco Ball, Food, 85, 29.99
5, Emergency Disco Ball, Food, 85, 29.99
5, Emergency Disco Ball, Food, 85, 29.99
5, Emergency Disco Ball, Food, 85, 29.99
5, Emergency Disco Ball, Food, 85, 29.99
5, Emergency Disco Ball, Food, 85, 29.99
5, Emergency Disco Ball, Food, 85, 29.99
5, Emergency Disco Ball, Food, 85, 29.99
5, Emergency Disco Ball, Food, 85, 29.99
5, Emergency Disco Ball, Food, 85, 29.99
5, Emergency Disco Ball, Food, 85, 29.99
5, Emergency Disco Ball, Food, 85, 29.99
5, Emergency Disco Ball, Food, 85, 29.99
5, Emergency Disco Ball, Food, 85, 29.99
5, Emergency Disco Ball, Food, 85, 29.99
5, Emergency Disco Ball, Food, 85, 29.99
5, Emergency Disco Ball, Food, 85, 29.99
5, Emergency Disco Ball, Food, 85, 29.99
5, Emergency Disco Ball, Food, 85, 29.99
5, Emergency Disco Ball, Food, 85, 29.99
,,,,
